First name	Last name	E-mail address	Password
Monika	Valerieva	moni@gmail.com	monimoni
Ivelina	Popova	iv.popova@outlook.com	popova
Kristina	Yordanova	krisi@gmail.com	krisi.y
Magdalena	Kirilova	magdalena@abv.bg	magdalena
Roberto	Marinov	roberto@gmail.com	roberto
Dean	Dimitrov	dean@outlook.com	dean.dimitrov
Krasimir	Hadjiev	krasi@abv.bg	krasimir
Margarita	Todorova	todorova@abv.bg	todorova
Tanya	Yordanova	tanya@gmail.com	yordanova
Alex	Petrov	alex@gmail.com	aleksandar
Maria	Ivanova	maria@abv.bg	ivanova
Anastasia	Deliiska	ani@abv.bg	anastasia
Krum	Iliev	krum@outlook.com	ilievkr
Ivanina	Nikolova	ivanina@gmail.com	ivanina
Krasimir	Karaivanov	kr.iv.@abv.bg	karaiv
Kristian	Vasilev	kristian@abv.bg	kristian
Ivaneta	Popova	ivaneta@abv.bg	ivaneta
Ivaylo	Gergov	ivaylo@abv.bg	ivaylo
Hristina	Glavcheva	hrisi@abv.bg	hristina
Lori	Ilieva	Lori@abv.bg	ilievalori
Malina	Vasileva	malina@abv.bg	malina
Malina	Spasova	spasova@abv.bg	spasova
Marchela	Hristova	marchela@gmail.com	marchela
Aksinia	Aleksandrova	aksi@abv.bg	aksinia
Ivaylo	Georgiev	ivaylo.g@gmail.com	georgiev
Ivelina	Markova	ivelina@abv.bg	ivelina
Sletlana	Rangelova	svetlana@abv.bg	svetlana
Kristian	Krasimirov	krasimirov@outlook.com	krasimirov
Gergana	Milcheva	geri@gmail.com	gergana
Sasho	Deliiski	sasho@abv.bg	aleksa
Boyana	Bojkova	bo@abv.bg	boyana
Valentina	Simeonova	v.s.@abv.bg	valeto
Apostol	Genadiev	apostol@gmail.com	apostol
Mariana	Genadieva	mariana@outlook.com	mariana
Boris	Mironov	bbobi@abv.bg	bobibobi
Hristo	Apostolov	hristoa@abv.bg	hristoo
Emilia	Emilova	emi@abv.bg	emiliaa
Slavdo	Slavchev	slavdo@gmail.com	slavchev
Galin	Stoimenov	galin@outlook.com	galinstoim
Gergana	Pavlova	geri@abv.bg	gergana
